{"keyword_index": 5, "company_index": 1, "page_start": 65, "industry": true, "industry_number": 3, "problem_locs": {"0": ["2.41.3", "2.41.3", "4.36.4", "6.1.0", "7.1.0", "8.1.0", "13.48.4"], "1": ["1.99.1", "1.99.1", "2.20.4", "3.1.0", "4.2.4", "5.5.3", "7.53.1", "8.1.0", "9.73.1", "10.16.3", "13.45.1", "13.45.1", "13.45.1"], "2": ["0.1.0", "1.14.2", "2.51.1", "3.64.0", "3.64.0", "4.1.0", "5.1.0", "6.1.0", "7.1.0", "8.1.0", "9.1.0", "10.17.4", "13.16.0", "13.54.4", "15.35.0"], "3": ["1.72.0", "2.43.2", "3.38.2", "4.53.2", "5.10.2", "7.57.1", "8.1.0", "9.3.1", "10.94.1", "11.45.3", "13.59.4", "15.24.1", "15.24.1"], "4": ["1.35.2", "2.74.1", "3.56.1", "4.21.2", "5.1.0", "7.38.1", "8.1.0", "10.20.0", "11.1.0", "12.1.0", "13.52.1"], "5": ["1.65.3"]}}