{"keyword_index": 3, "company_index": 9, "page_start": 3, "industry": true, "industry_number": 1, "problem_locs": {"0": ["2.41.3", "2.41.3", "4.36.4", "6.1.0", "7.1.0", "8.1.0", "13.48.4"], "1": ["1.99.1", "1.99.1", "2.20.4", "3.1.0", "4.2.4", "5.5.3", "7.53.1", "8.1.0", "9.73.1", "10.16.3", "13.45.1", "13.45.1", "13.45.1"], "2": ["0.1.0", "1.14.2", "2.51.1", "3.64.0", "3.64.0", "4.1.0", "5.1.0", "6.1.0", "7.1.0", "8.1.0", "9.1.0", "10.17.4", "13.16.0", "13.54.4", "15.35.0"], "3": ["1.72.0", "2.43.2", "3.38.2", "4.53.2", "5.10.2", "7.57.1", "8.1.0", "9.3.1"]}}