{"keyword_index": 17, "company_index": 2, "page_start": 71, "industry": true, "industry_number": 2, "problem_locs": {"0": ["2.41.3", "2.41.3", "4.36.4", "6.1.0", "7.1.0", "8.1.0", "13.48.4"], "1": ["1.99.1", "1.99.1", "2.20.4", "3.1.0", "4.2.4", "5.5.3", "7.53.1", "8.1.0", "9.73.1", "10.16.3", "13.45.1", "13.45.1", "13.45.1"], "2": ["0.1.0", "1.14.2", "2.51.1", "3.64.0", "3.64.0", "4.1.0", "5.1.0", "6.1.0", "7.1.0", "8.1.0", "9.1.0", "10.17.4", "13.16.0", "13.54.4", "15.35.0"], "3": ["1.72.0", "2.43.2", "3.38.2", "4.53.2", "5.10.2", "7.57.1", "8.1.0", "9.3.1", "10.94.1", "11.45.3", "13.59.4", "15.24.1", "15.24.1"], "4": ["1.35.2", "2.74.1", "3.56.1", "4.21.2", "5.1.0", "7.38.1", "8.1.0", "10.20.0", "11.1.0", "12.1.0", "13.52.1"], "5": ["1.65.3", "3.34.1", "3.34.1", "4.44.4", "7.4.0", "8.1.0", "10.1.0", "13.100.0", "14.1.0", "16.1.0"], "6": ["2.17.0", "4.16.0", "5.96.1", "8.1.0", "12.1.0", "13.94.3", "13.94.3"], "7": ["1.25.3", "2.37.4", "4.9.2", "5.96.1", "7.11.2", "7.11.2", "8.1.0", "13.57.0", "13.81.4"], "8": ["1.79.0", "2.25.1", "3.11.0", "4.60.0", "5.61.1", "5.61.1", "7.29.1", "7.65.3", "8.1.0", "10.6.0", "13.9.1"], "9": ["1.1.0", "2.21.0", "3.1.0", "4.1.4", "5.8.4", "8.1.0", "9.81.0", "13.93.1", "15.1.0"], "10": ["7.1.0", "8.1.0"], "11": ["8.1.0", "9.1.0"], "12": ["4.1.0", "8.1.0"], "13": ["8.1.0"], "14": ["1.1.0", "5.2.0", "8.1.0"], "15": ["8.1.0"], "16": ["8.1.0"], "17": ["0.16.1", "1.64.2", "2.71.2"]}}